{"cameraMode":{"drawMode":0,"name":"Shaded","section":"Shading Mode"},"sceneLighting":true,"audioPlay":false,"sceneViewState":{"m_AlwaysRefresh":false,"showFog":true,"showSkybox":true,"showFlares":true,"showImageEffects":true,"showParticleSystems":true,"showVisualEffectGraphs":true,"m_FxEnabled":true},"in2DMode":false,"pivot":{"x":83.51298522949219,"y":6.404296398162842,"z":13.825727462768555},"rotation":{"x":-0.0026615208480507137,"y":-0.991697371006012,"z":0.020829612389206888,"w":-0.1268320381641388},"size":7.8916754722595219,"orthographic":false}