{"cameraMode":{"drawMode":0,"name":"Shaded","section":"Shading Mode"},"sceneLighting":true,"audioPlay":false,"sceneViewState":{"m_AlwaysRefresh":false,"showFog":true,"showSkybox":true,"showFlares":true,"showImageEffects":true,"showParticleSystems":true,"showVisualEffectGraphs":true,"m_FxEnabled":true},"in2DMode":false,"pivot":{"x":52.21287155151367,"y":26.39292335510254,"z":10.243809700012207},"rotation":{"x":-0.4664490520954132,"y":-0.015891849994659425,"z":0.008369632996618748,"w":-0.8842836022377014},"size":24.705442428588868,"orthographic":true}